INSERT INTO SAEC.PS027PF VALUES('02/05/31', '12:53:38', '896656', 'T', '01' ,123456780, 900, null, 123450 ); 
 
INSERT INTO SAEC.PS027PF VALUES('03/10/08', '17:25:56', '145258', 'T', '01' ,123456781, 800, null, 123451 ); 
 
INSERT INTO SAEC.PS027PF VALUES('06/10/05', '12:02:39', '917160', 'C', '01' ,123456782, 700, null, 234566 ); 

INSERT INTO SAEC.PS027PF VALUES('05/02/01', '09:25:51', '326569', 'T', '01' ,123456783, 1000,null, 123321 ); 

INSERT INTO SAEC.PS027PF VALUES('05/04/28', '13:00:06', '315647', 'C', '01', 123456784, 1200,null, 234567 ); 





INSERT INTO SAEC.WC1U999S VALUES('02/05/31', '12:53:38', '896656', 'T', '01', '2002-05-31 14:15:13.957704' , '2002-05-31 14:15:13.957704');

INSERT INTO SAEC.WC1U999S VALUES('03/10/08', '17:25:56', '145258', 'T', '01', '2003-10-08 19:26:41.236879' , '2003-10-08 19:26:41.236879');

INSERT INTO SAEC.WC1U999S VALUES('06/10/05', '12:02:39', '917160', 'C', '01', '2006-10-09 09:30:25.239288' , '2006-10-09 09:30:25.239288');

INSERT INTO SAEC.WC1U999S VALUES('05/02/01', '09:25:51', '326569', 'T', '01', '2005-04-28 13:00:41.998684' , '2005-04-28 13:00:41.998684');

INSERT INTO SAEC.WC1U999S VALUES('05/04/28', '13:00:06', '315647', 'C', '01', '2005-04-28 13:00:41.998684' , '2005-04-28 13:00:41.998684');






INSERT INTO SAEC.WA5U999S VALUES('02/05/31', '12:53:38', '896656', 'T', '01','2002-05-31 14:15:13.957704' ,'LETTER', 'NYL', 'PROCESSED'); 

INSERT INTO SAEC.WA5U999S VALUES('03/10/08', '17:25:56', '145258', 'T', '01', '2003-10-08 19:26:41.236879','TLETTER', 'TEP529', 'PROCESSED'); 

INSERT INTO SAEC.WA5U999S VALUES('06/10/05', '12:02:39', '917160', 'C', '01','2006-10-09 09:30:25.239288','TLETTER', 'HSDETEST', 'PROCESSED');

INSERT INTO SAEC.WA5U999S VALUES('05/02/01', '09:25:51', '326569', 'T', '01', '2005-04-28 13:00:41.998684','LETTER', 'NYL', 'PROCESSED'); 

INSERT INTO SAEC.WA5U999S VALUES('05/04/28', '13:00:06', '315647', 'C', '01','2005-04-28 13:00:41.998684','TLETTER', 'NYL', 'PROCESSED'); 

